Filename,Page,Side,Label
002III_fob.tif,fob,,Front outside binding
002III_fib.tif,fib,,Front Inside binding
002III_i_R.tif,i,R,f. i R
002III_i_V.tif,i,V,f. i V
002III_ii_R.tif,ii,R,f. ii R
002III_ii_V.tif,ii,V,f. ii V
002III_iii_R.tif,iii,R,f. iii R
002III_iii_V.tif,iii,V,f. iii V
002III_242_R.tif,242,R,f. 242 R
002III_242_V.tif,242,V,f. 242 V
002III_243_R.tif,243,R,f. 243 R
002III_243_V.tif,243,V,f. 243 V
002III_244_R.tif,244,R,f. 244 R
002III_244_V.tif,244,V,f. 244 V
002III_245_R.tif,245,R,f. 245 R
002III_245_V.tif,245,V,f. 245 V
002III_246_R.tif,246,R,f. 246 R
002III_246_V.tif,246,V,f. 246 V
002III_247_R.tif,247,R,f. 247 R
002III_247_V.tif,247,V,f. 247 V
002III_248_R.tif,248,R,f. 248 R
002III_248_V.tif,248,V,f. 248 V
002III_249_R.tif,249,R,f. 249 R
002III_249_V.tif,249,V,f. 249 V
002III_250_R.tif,250,R,f. 250 R
002III_250_V.tif,250,V,f. 250 V
002III_251_R.tif,251,R,f. 251 R
002III_251_V.tif,251,V,f. 251 V
002III_252_R.tif,252,R,f. 252 R
002III_252_V.tif,252,V,f. 252 V
002III_253_R.tif,253,R,f. 253 R
002III_253_V.tif,253,V,f. 253 V
002III_254_R.tif,254,R,f. 254 R
002III_254_V.tif,254,V,f. 254 V
002III_255_R.tif,255,R,f. 255 R
002III_255_V.tif,255,V,f. 255 V
002III_256_R.tif,256,R,f. 256 R
002III_256_V.tif,256,V,f. 256 V
002III_257_R.tif,257,R,f. 257 R
002III_257_V.tif,257,V,f. 257 V
002III_258_R.tif,258,R,f. 258 R
002III_258_V.tif,258,V,f. 258 V
002III_259_R.tif,259,R,f. 259 R
002III_259_V.tif,259,V,f. 259 V
002III_260_R.tif,260,R,f. 260 R
002III_260_V.tif,260,V,f. 260 V
002III_261_R.tif,261,R,f. 261 R
002III_261_V.tif,261,V,f. 261 V
002III_262_R.tif,262,R,f. 262 R
002III_262_V.tif,262,V,f. 262 V
002III_263_R.tif,263,R,f. 263 R
002III_263_V.tif,263,V,f. 263 V
002III_264_R.tif,264,R,f. 264 R
002III_264_V.tif,264,V,f. 264 V
002III_265_R.tif,265,R,f. 265 R
002III_265_V.tif,265,V,f. 265 V
002III_266_R.tif,266,R,f. 266 R
002III_266_V.tif,266,V,f. 266 V
002III_267_R.tif,267,R,f. 267 R
002III_267_V.tif,267,V,f. 267 V
002III_268_R.tif,268,R,f. 268 R
002III_268_V.tif,268,V,f. 268 V
002III_269_R.tif,269,R,f. 269 R
002III_269_V.tif,269,V,f. 269 V
002III_270_R.tif,270,R,f. 270 R
002III_270_V.tif,270,V,f. 270 V
002III_271_R.tif,271,R,f. 271 R
002III_271_V.tif,271,V,f. 271 V
002III_272_R.tif,272,R,f. 272 R
002III_272_V.tif,272,V,f. 272 V
002III_273_R.tif,273,R,f. 273 R
002III_273_V.tif,273,V,f. 273 V
002III_274_R.tif,274,R,f. 274 R
002III_274_V.tif,274,V,f. 274 V
002III_275_R.tif,275,R,f. 275 R
002III_275_V.tif,275,V,f. 275 V
002III_276_R.tif,276,R,f. 276 R
002III_276_V.tif,276,V,f. 276 V
002III_277_R.tif,277,R,f. 277 R
002III_277_V.tif,277,V,f. 277 V
002III_278_R.tif,278,R,f. 278 R
002III_278_V.tif,278,V,f. 278 V
002III_279_R.tif,279,R,f. 279 R
002III_279_V.tif,279,V,f. 279 V
002III_280_R.tif,280,R,f. 280 R
002III_280_V.tif,280,V,f. 280 V
002III_281_R.tif,281,R,f. 281 R
002III_281_V.tif,281,V,f. 281 V
002III_282_R.tif,282,R,f. 282 R
002III_282_V.tif,282,V,f. 282 V
002III_283_R.tif,283,R,f. 283 R
002III_283_V.tif,283,V,f. 283 V
002III_284_R.tif,284,R,f. 284 R
002III_284_V.tif,284,V,f. 284 V
002III_285_R.tif,285,R,f. 285 R
002III_285_V.tif,285,V,f. 285 V
002III_286_R.tif,286,R,f. 286 R
002III_286_V.tif,286,V,f. 286 V
002III_287_R.tif,287,R,f. 287 R
002III_287_V.tif,287,V,f. 287 V
002III_288_R.tif,288,R,f. 288 R
002III_288_V.tif,288,V,f. 288 V
002III_289_R.tif,289,R,f. 289 R
002III_289_V.tif,289,V,f. 289 V
002III_290_R.tif,290,R,f. 290 R
002III_290_V.tif,290,V,f. 290 V
002III_291_R.tif,291,R,f. 291 R
002III_291_V.tif,291,V,f. 291 V
002III_292_R.tif,292,R,f. 292 R
002III_292_V.tif,292,V,f. 292 V
002III_293_R.tif,293,R,f. 293 R
002III_293_V.tif,293,V,f. 293 V
002III_294_R.tif,294,R,f. 294 R
002III_294_V.tif,294,V,f. 294 V
002III_295_R.tif,295,R,f. 295 R
002III_295_V.tif,295,V,f. 295 V
002III_296_R.tif,296,R,f. 296 R
002III_296_V.tif,296,V,f. 296 V
002III_297_R.tif,297,R,f. 297 R
002III_297_V.tif,297,V,f. 297 V
002III_298_R.tif,298,R,f. 298 R
002III_298_V.tif,298,V,f. 298 V
002III_299_R.tif,299,R,f. 299 R
002III_299_V.tif,299,V,f. 299 V
002III_300_R.tif,300,R,f. 300 R
002III_300_V.tif,300,V,f. 300 V
002III_301_R.tif,301,R,f. 301 R
002III_301_V.tif,301,V,f. 301 V
002III_302_R.tif,302,R,f. 302 R
002III_302_V.tif,302,V,f. 302 V
002III_303_R.tif,303,R,f. 303 R
002III_303_V.tif,303,V,f. 303 V
002III_304_R.tif,304,R,f. 304 R
002III_304_V.tif,304,V,f. 304 V
002III_305_R.tif,305,R,f. 305 R
002III_305_V.tif,305,V,f. 305 V
002III_306_R.tif,306,R,f. 306 R
002III_306_V.tif,306,V,f. 306 V
002III_307_R.tif,307,R,f. 307 R
002III_307_V.tif,307,V,f. 307 V
002III_308_R.tif,308,R,f. 308 R
002III_308_V.tif,308,V,f. 308 V
002III_309_R.tif,309,R,f. 309 R
002III_309_V.tif,309,V,f. 309 V
002III_310_R.tif,310,R,f. 310 R
002III_310_V.tif,310,V,f. 310 V
002III_311_R.tif,311,R,f. 311 R
002III_311_V.tif,311,V,f. 311 V
002III_312_R.tif,312,R,f. 312 R
002III_312_V.tif,312,V,f. 312 V
002III_313_R.tif,313,R,f. 313 R
002III_313_V.tif,313,V,f. 313 V
002III_314_R.tif,314,R,f. 314 R
002III_314_V.tif,314,V,f. 314 V
002III_315_R.tif,315,R,f. 315 R
002III_315_V.tif,315,V,f. 315 V
002III_316_R.tif,316,R,f. 316 R
002III_316_V.tif,316,V,f. 316 V
002III_317_R.tif,317,R,f. 317 R
002III_317_V.tif,317,V,f. 317 V
002III_318_R.tif,318,R,f. 318 R
002III_318_V.tif,318,V,f. 318 V
002III_319_R.tif,319,R,f. 319 R
002III_319_V.tif,319,V,f. 319 V
002III_320_R.tif,320,R,f. 320 R
002III_320_V.tif,320,V,f. 320 V
002III_321_R.tif,321,R,f. 321 R
002III_321_V.tif,321,V,f. 321 V
002III_322_R.tif,322,R,f. 322 R
002III_322_V.tif,322,V,f. 322 V
002III_323_R.tif,323,R,f. 323 R
002III_323_V.tif,323,V,f. 323 V
002III_324_R.tif,324,R,f. 324 R
002III_324_V.tif,324,V,f. 324 V
002III_325_R.tif,325,R,f. 325 R
002III_325_V.tif,325,V,f. 325 V
002III_326_R.tif,326,R,f. 326 R
002III_326_V.tif,326,V,f. 326 V
002III_327_R.tif,327,R,f. 327 R
002III_327_V.tif,327,V,f. 327 V
002III_328_R.tif,328,R,f. 328 R
002III_328_V.tif,328,V,f. 328 V
002III_329_R.tif,329,R,f. 329 R
002III_329_V.tif,329,V,f. 329 V
002III_330_R.tif,330,R,f. 330 R
002III_330_V.tif,330,V,f. 330 V
002III_331_R.tif,331,R,f. 331 R
002III_331_V.tif,331,V,f. 331 V
002III_332_R.tif,332,R,f. 332 R
002III_332_V.tif,332,V,f. 332 V
002III_333_R.tif,333,R,f. 333 R
002III_333_V.tif,333,V,f. 333 V
002III_334_R.tif,334,R,f. 334 R
002III_334_V.tif,334,V,f. 334 V
002III_335_R.tif,335,R,f. 335 R
002III_335_V.tif,335,V,f. 335 V
002III_336_R.tif,336,R,f. 336 R
002III_336_V.tif,336,V,f. 336 V
002III_337_R.tif,337,R,f. 337 R
002III_337_V.tif,337,V,f. 337 V
002III_338_R.tif,338,R,f. 338 R
002III_338_V.tif,338,V,f. 338 V
002III_339_R.tif,339,R,f. 339 R
002III_339_V.tif,339,V,f. 339 V
002III_340_R.tif,340,R,f. 340 R
002III_340_V.tif,340,V,f. 340 V
002III_341_R.tif,341,R,f. 341 R
002III_341_V.tif,341,V,f. 341 V
002III_342_R.tif,342,R,f. 342 R
002III_342_V.tif,342,V,f. 342 V
002III_343_R.tif,343,R,f. 343 R
002III_343_V.tif,343,V,f. 343 V
002III_344_R.tif,344,R,f. 344 R
002III_344_V.tif,344,V,f. 344 V
002III_345_R.tif,345,R,f. 345 R
002III_345_V.tif,345,V,f. 345 V
002III_346_R.tif,346,R,f. 346 R
002III_346_V.tif,346,V,f. 346 V
002III_347_R.tif,347,R,f. 347 R
002III_347_V.tif,347,V,f. 347 V
002III_348_R.tif,348,R,f. 348 R
002III_348_V.tif,348,V,f. 348 V
002III_349_R.tif,349,R,f. 349 R
002III_349_V.tif,349,V,f. 349 V
002III_350_R.tif,350,R,f. 350 R
002III_350_V.tif,350,V,f. 350 V
002III_351_R.tif,351,R,f. 351 R
002III_351_V.tif,351,V,f. 351 V
002III_352_R.tif,352,R,f. 352 R
002III_352_V.tif,352,V,f. 352 V
002III_353_R.tif,353,R,f. 353 R
002III_353_V.tif,353,V,f. 353 V
002III_354_R.tif,354,R,f. 354 R
002III_354_V.tif,354,V,f. 354 V
002III_355_R.tif,355,R,f. 355 R
002III_355_V.tif,355,V,f. 355 V
002III_356_R.tif,356,R,f. 356 R
002III_356_V.tif,356,V,f. 356 V
002III_357_R.tif,357,R,f. 357 R
002III_357_V.tif,357,V,f. 357 V
002III_iv_R.tif,iv,R,f. iv R
002III_iv_V.tif,iv,V,f. iv V
002III_v_R.tif,v,R,f. v R
002III_v_V.tif,v,V,f. v V
002III_vi_R.tif,vi,R,f. vi R
002III_vi_V.tif,vi,V,f. vi V
002III_bib.tif,bib,v,Back inside binding
002III_bob.tif,bob,,Back outside binding
