Filename,Page,Side,Label
300_i_R.tif,i,R,f. i R
300_i_V.tif,i,V,f. i V
300_ii_R.tif,ii,R,f. ii R
300_ii_V.tif,ii,V,f. ii V
300_1_R.tif,1,R,f. 1 R
300_1_V.tif,1,V,f. 1 V
300_2_R.tif,2,R,f. 2 R
300_2_V.tif,2,V,f. 2 V
300_3_R.tif,3,R,f. 3 R
300_3_V.tif,3,V,f. 3 V
300_4_R.tif,4,R,f. 4 R
300_4_V.tif,4,V,f. 4 V
300_5_R.tif,5,R,f. 5 R
300_5_V.tif,5,V,f. 5 V
300_6_R.tif,6,R,f. 6 R
300_6_V.tif,6,V,f. 6 V
300_7_R.tif,7,R,f. 7 R
300_7_V.tif,7,V,f. 7 V
300_8_R.tif,8,R,f. 8 R
300_8_V.tif,8,V,f. 8 V
300_9_R.tif,9,R,f. 9 R
300_9_V.tif,9,V,f. 9 V
300_10_R.tif,10,R,f. 10 R
300_10_V.tif,10,V,f. 10 V
300_11_R.tif,11,R,f. 11 R
300_11_V.tif,11,V,f. 11 V
300_12_R.tif,12,R,f. 12 R
300_12_V.tif,12,V,f. 12 V
300_13_R.tif,13,R,f. 13 R
300_13_V.tif,13,V,f. 13 V
300_14_R.tif,14,R,f. 14 R
300_14_V.tif,14,V,f. 14 V
300_15_R.tif,15,R,f. 15 R
300_15_V.tif,15,V,f. 15 V
300_16_R.tif,16,R,f. 16 R
300_16_V.tif,16,V,f. 16 V
300_17_R.tif,17,R,f. 17 R
300_17_V.tif,17,V,f. 17 V
300_18_R.tif,18,R,f. 18 R
300_18_V.tif,18,V,f. 18 V
300_19_R.tif,19,R,f. 19 R
300_19_V.tif,19,V,f. 19 V
300_20_R.tif,20,R,f. 20 R
300_20_V.tif,20,V,f. 20 V
300_21_R.tif,21,R,f. 21 R
300_21_V.tif,21,V,f. 21 V
300_22_R.tif,22,R,f. 22 R
300_22_V.tif,22,V,f. 22 V
300_23_R.tif,23,R,f. 23 R
300_23_V.tif,23,V,f. 23 V
300_24_R.tif,24,R,f. 24 R
300_24_V.tif,24,V,f. 24 V
300_25_R.tif,25,R,f. 25 R
300_25_V.tif,25,V,f. 25 V
300_26_R.tif,26,R,f. 26 R
300_26_V.tif,26,V,f. 26 V
300_27_R.tif,27,R,f. 27 R
300_27_V.tif,27,V,f. 27 V
300_28_R.tif,28,R,f. 28 R
300_28_V.tif,28,V,f. 28 V
300_29_R.tif,29,R,f. 29 R
300_29_V.tif,29,V,f. 29 V
300_30_R.tif,30,R,f. 30 R
300_30_V.tif,30,V,f. 30 V
300_31_R.tif,31,R,f. 31 R
300_31_V.tif,31,V,f. 31 V
300_32_R.tif,32,R,f. 32 R
300_32_V.tif,32,V,f. 32 V
300_33_R.tif,33,R,f. 33 R
300_33_V.tif,33,V,f. 33 V
300_34_R.tif,34,R,f. 34 R
300_34_V.tif,34,V,f. 34 V
300_35_R.tif,35,R,f. 35 R
300_35_V.tif,35,V,f. 35 V
300_36_R.tif,36,R,f. 36 R
300_36_V.tif,36,V,f. 36 V
300_37_R.tif,37,R,f. 37 R
300_37_V.tif,37,V,f. 37 V
300_38_R.tif,38,R,f. 38 R
300_38_V.tif,38,V,f. 38 V
300_39_R.tif,39,R,f. 39 R
300_39_V.tif,39,V,f. 39 V
300_40_R.tif,40,R,f. 40 R
300_40_V.tif,40,V,f. 40 V
300_41_R.tif,41,R,f. 41 R
300_41_V.tif,41,V,f. 41 V
300_42_R.tif,42,R,f. 42 R
300_42_V.tif,42,V,f. 42 V
300_43_R.tif,43,R,f. 43 R
300_43_V.tif,43,V,f. 43 V
300_44_R.tif,44,R,f. 44 R
300_44_V.tif,44,V,f. 44 V
300_45_R.tif,45,R,f. 45 R
300_45_V.tif,45,V,f. 45 V
300_46_R.tif,46,R,f. 46 R
300_46_V.tif,46,V,f. 46 V
300_47_R.tif,47,R,f. 47 R
300_47_V.tif,47,V,f. 47 V
300_48_R.tif,48,R,f. 48 R
300_48_V.tif,48,V,f. 48 V
300_49_R.tif,49,R,f. 49 R
300_49_V.tif,49,V,f. 49 V
300_50_R.tif,50,R,f. 50 R
300_50_V.tif,50,V,f. 50 V
300_51_R.tif,51,R,f. 51 R
300_51_V.tif,51,V,f. 51 V
300_52_R.tif,52,R,f. 52 R
300_52_V.tif,52,V,f. 52 V
300_53_R.tif,53,R,f. 53 R
300_53_V.tif,53,V,f. 53 V
300_54_R.tif,54,R,f. 54 R
300_54_V.tif,54,V,f. 54 V
300_55_R.tif,55,R,f. 55 R
300_55_V.tif,55,V,f. 55 V
300_56_R.tif,56,R,f. 56 R
300_56_V.tif,56,V,f. 56 V
300_57_R.tif,57,R,f. 57 R
300_57_V.tif,57,V,f. 57 V
300_58_R.tif,58,R,f. 58 R
300_58_V.tif,58,V,f. 58 V
300_59_R.tif,59,R,f. 59 R
300_59_V.tif,59,V,f. 59 V
300_60_R.tif,60,R,f. 60 R
300_60_V.tif,60,V,f. 60 V
300_61_R.tif,61,R,f. 61 R
300_61_V.tif,61,V,f. 61 V
300_62_R.tif,62,R,f. 62 R
300_62_V.tif,62,V,f. 62 V
300_63_R.tif,63,R,f. 63 R
300_63_V.tif,63,V,f. 63 V
300_64_R.tif,64,R,f. 64 R
300_64_V.tif,64,V,f. 64 V
300_65_R.tif,65,R,f. 65 R
300_65_V.tif,65,V,f. 65 V
300_66_R.tif,66,R,f. 66 R
300_66_V.tif,66,V,f. 66 V
300_67_R.tif,67,R,f. 67 R
300_67_V.tif,67,V,f. 67 V
300_68_R.tif,68,R,f. 68 R
300_68_V.tif,68,V,f. 68 V
300_69_R.tif,69,R,f. 69 R
300_69_V.tif,69,V,f. 69 V
300_70_R.tif,70,R,f. 70 R
300_70_V.tif,70,V,f. 70 V
300_71_R.tif,71,R,f. 71 R
300_71_V.tif,71,V,f. 71 V
300_72_R.tif,72,R,f. 72 R
300_72_V.tif,72,V,f. 72 V
300_73_R.tif,73,R,f. 73 R
300_73_V.tif,73,V,f. 73 V
300_74_R.tif,74,R,f. 74 R
300_74_V.tif,74,V,f. 74 V
300_75_R.tif,75,R,f. 75 R
300_75_V.tif,75,V,f. 75 V
300_76_R.tif,76,R,f. 76 R
300_76_V.tif,76,V,f. 76 V
300_iii_R.tif,iii,R,f. iii R
300_iii_V.tif,iii,V,f. iii V
300_iv_R.tif,iv,R,f. iv R
300_iv_V.tif,iv,V,f. iv V
